month_year,state,fips,new_case,state_pop,new_case_per
01/2020,AK,02,0,738068,0.0
01/2020,AL,01,9,4888949,0.18408864563733432
01/2020,AR,05,0,3020327,0.0
01/2020,AS,60,0,55197,0.0
01/2020,AZ,04,1,7123898,0.01403725881532835
01/2020,CA,06,3,39776830,0.007542079145070133
01/2020,CO,08,0,5684203,0.0
01/2020,CT,09,0,3588683,0.0
01/2020,DE,10,0,971180,0.0
01/2020,FL,12,0,21312211,0.0
01/2020,GA,13,0,10545138,0.0
01/2020,GU,66,0,168783,0.0
01/2020,HI,15,0,1426393,0.0
01/2020,IA,19,0,3160553,0.0
01/2020,ID,16,0,1753860,0.0
01/2020,IL,17,2,12768320,0.015663767825367783
01/2020,IN,18,0,6699629,0.0
01/2020,KS,20,0,2918515,0.0
01/2020,KY,21,0,4472265,0.0
01/2020,LA,22,0,4682509,0.0
01/2020,MA,25,0,6895917,0.0
01/2020,MD,24,0,6079602,0.0
01/2020,ME,23,0,1341582,0.0
01/2020,MI,26,0,9991177,0.0
01/2020,MN,27,0,5628162,0.0
01/2020,MO,29,0,6135888,0.0
01/2020,MP,69,0,57557,0.0
01/2020,MS,28,0,2982785,0.0
01/2020,MT,30,0,1062330,0.0
01/2020,NC,37,0,10390149,0.0
01/2020,ND,38,0,755238,0.0
01/2020,NE,31,0,1932549,0.0
01/2020,NH,33,0,1350575,0.0
01/2020,NJ,34,0,9032872,0.0
01/2020,NM,35,0,2090708,0.0
01/2020,NV,32,0,3056824,0.0
01/2020,NY,36,0,19862512,0.0
01/2020,NYC,36061,0,8400000,0.0
01/2020,OH,39,0,11694664,0.0
01/2020,OK,40,0,3940521,0.0
01/2020,OR,41,0,4199563,0.0
01/2020,PA,42,0,12823989,0.0
01/2020,PR,72,0,3400000,0.0
01/2020,PW,70,0,18092,0.0
01/2020,RI,44,0,1061712,0.0
01/2020,SC,45,0,5088916,0.0
01/2020,SD,46,0,877790,0.0
01/2020,TN,47,0,6782564,0.0
01/2020,TX,48,0,28704330,0.0
01/2020,UT,49,0,3159345,0.0
01/2020,VA,51,0,8525660,0.0
01/2020,VI,78,0,106290,0.0
01/2020,VT,50,0,623960,0.0
01/2020,WA,53,1,7530552,0.013279239025240116
01/2020,WI,55,0,5818049,0.0
01/2020,WV,54,0,1803077,0.0
01/2020,WY,56,0,573720,0.0
01/2021,AK,02,6991,738068,947.2026967704873
01/2021,AL,01,94076,4888949,1924.2581585530959
01/2021,AR,05,70130,3020327,2321.934015753923
01/2021,AS,60,0,55197,0.0
01/2021,AZ,04,238290,7123898,3344.938403104592
01/2021,CA,06,948350,39776830,2384.176919075753
01/2021,CO,08,59309,5684203,1043.4004556135662
01/2021,CT,09,64315,3588683,1792.161637012798
01/2021,DE,10,20976,971180,2159.8467843242242
01/2021,FL,12,374399,21312211,1756.7346719681032
01/2021,GA,13,242993,10545138,2304.313134640817
01/2021,GU,66,300,168783,177.74301914292317
01/2021,HI,15,4176,1426393,292.7664395436601
01/2021,IA,19,38578,3160553,1220.609178203941
01/2021,ID,16,21606,1753860,1231.9113270158393
01/2021,IL,17,162912,12768320,1275.9078719831584
01/2021,IN,18,115569,6699629,1725.005966748308
01/2021,KS,20,52252,2918515,1790.3625645233963
01/2021,KY,21,93620,4472265,2093.3464363135904
01/2021,LA,22,85351,4682509,1822.762113217508
01/2021,MA,25,148847,6895917,2158.4801557211317
01/2021,MD,24,75417,6079602,1240.4923874951025
01/2021,ME,23,15341,1341582,1143.500732717046
01/2021,MI,26,63934,9991177,639.9045878178316
01/2021,MN,27,46505,5628162,826.291069802184
01/2021,MO,29,76800,6135888,1251.652572537178
01/2021,MP,69,10,57557,17.374081345448857
01/2021,MS,28,55973,2982785,1876.5348491426637
01/2021,MT,30,12394,1062330,1166.6807865729104
01/2021,NC,37,208314,10390149,2004.9183125285304
01/2021,ND,38,4913,755238,650.5234111631036
01/2021,NE,31,24421,1932549,1263.6678293797465
01/2021,NH,33,21667,1350575,1604.2796586639024
01/2021,NJ,34,169045,9032872,1871.4424382411262
01/2021,NM,35,31200,2090708,1492.3174350507102
01/2021,NV,32,53577,3056824,1752.7014967168536
01/2021,NY,36,263125,19862512,1324.7317358448922
01/2021,NYC,36061,175380,8400000,2087.8571428571427
01/2021,OH,39,195412,11694664,1670.9501016874021
01/2021,OK,40,83375,3940521,2115.8369667361244
01/2021,OR,41,28507,4199563,678.8087236695818
01/2021,PA,42,202380,12823989,1578.136101021297
01/2021,PR,72,13095,3400000,385.14705882352945
01/2021,PW,70,0,18092,0.0
01/2021,RI,44,26069,1061712,2455.37396205374
01/2021,SC,45,147047,5088916,2889.554474862623
01/2021,SD,46,9086,877790,1035.0995112726278
01/2021,TN,47,128285,6782564,1891.3938740570675
01/2021,TX,48,604460,28704330,2105.814697643178
01/2021,UT,49,70012,3159345,2216.0289553689136
01/2021,VA,51,152873,8525660,1793.0928514625261
01/2021,VI,78,385,106290,362.2165772885502
01/2021,VT,50,4109,623960,658.5358035771524
01/2021,WA,53,66279,7530552,880.1346833538896
01/2021,WI,55,71702,5818049,1232.4062585241204
01/2021,WV,54,35667,1803077,1978.1185162918723
01/2021,WY,56,7503,573720,1307.780798996026
02/2020,AK,02,0,738068,0.0
02/2020,AL,01,38,4888949,0.777263170468745
02/2020,AR,05,0,3020327,0.0
02/2020,AS,60,0,55197,0.0
02/2020,AZ,04,0,7123898,0.0
02/2020,CA,06,407,39776830,1.023208737347848
02/2020,CO,08,0,5684203,0.0
02/2020,CT,09,0,3588683,0.0
02/2020,DE,10,0,971180,0.0
02/2020,FL,12,0,21312211,0.0
02/2020,GA,13,2,10545138,0.01896608655097733
02/2020,GU,66,0,168783,0.0
02/2020,HI,15,0,1426393,0.0
02/2020,IA,19,0,3160553,0.0
02/2020,ID,16,0,1753860,0.0
02/2020,IL,17,0,12768320,0.0
02/2020,IN,18,0,6699629,0.0
02/2020,KS,20,0,2918515,0.0
02/2020,KY,21,0,4472265,0.0
02/2020,LA,22,0,4682509,0.0
02/2020,MA,25,1,6895917,0.014501334630332704
02/2020,MD,24,0,6079602,0.0
02/2020,ME,23,0,1341582,0.0
02/2020,MI,26,0,9991177,0.0
02/2020,MN,27,0,5628162,0.0
02/2020,MO,29,0,6135888,0.0
02/2020,MP,69,0,57557,0.0
02/2020,MS,28,0,2982785,0.0
02/2020,MT,30,0,1062330,0.0
02/2020,NC,37,0,10390149,0.0
02/2020,ND,38,0,755238,0.0
02/2020,NE,31,0,1932549,0.0
02/2020,NH,33,0,1350575,0.0
02/2020,NJ,34,0,9032872,0.0
02/2020,NM,35,0,2090708,0.0
02/2020,NV,32,0,3056824,0.0
02/2020,NY,36,0,19862512,0.0
02/2020,NYC,36061,0,8400000,0.0
02/2020,OH,39,0,11694664,0.0
02/2020,OK,40,28,3940521,0.7105659378544106
02/2020,OR,41,1,4199563,0.02381200139157336
02/2020,PA,42,0,12823989,0.0
02/2020,PR,72,0,3400000,0.0
02/2020,PW,70,0,18092,0.0
02/2020,RI,44,0,1061712,0.0
02/2020,SC,45,0,5088916,0.0
02/2020,SD,46,0,877790,0.0
02/2020,TN,47,0,6782564,0.0
02/2020,TX,48,0,28704330,0.0
02/2020,UT,49,0,3159345,0.0
02/2020,VA,51,0,8525660,0.0
02/2020,VI,78,0,106290,0.0
02/2020,VT,50,0,623960,0.0
02/2020,WA,53,0,7530552,0.0
02/2020,WI,55,0,5818049,0.0
02/2020,WV,54,0,1803077,0.0
02/2020,WY,56,0,573720,0.0
02/2021,AK,02,3569,738068,483.55978039963793
02/2021,AL,01,30534,4888949,624.5514117655963
02/2021,AR,05,27147,3020327,898.8099632920541
02/2021,AS,60,1,55197,1.8116926644564015
02/2021,AZ,04,58558,7123898,821.9938017079976
02/2021,CA,06,195105,39776830,490.4991171996361
02/2021,CO,08,31561,5684203,555.240549994432
02/2021,CT,09,29923,3588683,833.8156365441027
02/2021,DE,10,8888,971180,915.175353693445
02/2021,FL,12,179462,21312211,842.0618583402727
02/2021,GA,13,97076,10545138,920.5759090113378
02/2021,GU,66,126,168783,74.65206804002773
02/2021,HI,15,1687,1426393,118.2703504574125
02/2021,IA,19,17082,3160553,540.4750371216683
02/2021,ID,16,8457,1753860,482.1935616297766
02/2021,IL,17,60395,12768320,473.0066289065437
02/2021,IN,18,35331,6699629,527.3575596499447
02/2021,KS,20,18978,2918515,650.2622052653489
02/2021,KY,21,38927,4472265,870.4090656524155
02/2021,LA,22,29474,4682509,629.4488702531057
02/2021,MA,25,57123,6895917,828.3597380884951
02/2021,MD,24,27066,6079602,445.19361629264546
02/2021,ME,23,5221,1341582,389.16741578226305
02/2021,MI,26,34918,9991177,349.48835357435865
02/2021,MN,27,22787,5628162,404.8746286976103
02/2021,MO,29,24690,6135888,402.3867449992568
02/2021,MP,69,11,57557,19.111489479993743
02/2021,MS,28,18619,2982785,624.2152887318396
02/2021,MT,30,6005,1062330,565.2669132943624
02/2021,NC,37,82769,10390149,796.6103277248478
02/2021,ND,38,2169,755238,287.1942354595505
02/2021,NE,31,9801,1932549,507.15402300278026
02/2021,NH,33,9729,1350575,720.3598467319475
02/2021,NJ,34,92527,9032872,1024.3364458170115
02/2021,NM,35,11068,2090708,529.3900439468352
02/2021,NV,32,15446,3056824,505.2956925226968
02/2021,NY,36,107667,19862512,542.0613465205206
02/2021,NYC,36061,113681,8400000,1353.345238095238
02/2021,OH,39,71630,11694664,612.5015648162273
02/2021,OK,40,24269,3940521,615.8830266353104
02/2021,OR,41,13181,4199563,313.8659903423285
02/2021,PA,42,86864,12823989,677.3555404640475
02/2021,PR,72,6009,3400000,176.73529411764704
02/2021,PW,70,0,18092,0.0
02/2021,RI,44,10580,1061712,996.5037599650376
02/2021,SC,45,59084,5088916,1161.0331158934437
02/2021,SD,46,4177,877790,475.8541336766197
02/2021,TN,47,44459,6782564,655.4895759184875
02/2021,TX,48,283392,28704330,987.27961948598
02/2021,UT,49,24611,3159345,778.9905819085918
02/2021,VA,51,69534,8525660,815.5849517808592
02/2021,VI,78,225,106290,211.68501270110076
02/2021,VT,50,2969,623960,475.8317840887236
02/2021,WA,53,27424,7530552,364.16985102818495
02/2021,WI,55,25227,5818049,433.5989607512759
02/2021,WV,54,10854,1803077,601.970964079737
02/2021,WY,56,2482,573720,432.61521299588645
03/2020,AK,02,128,738068,17.34257548085
03/2020,AL,01,2975,4888949,60.851524530118844
03/2020,AR,05,560,3020327,18.541038768318792
03/2020,AS,60,0,55197,0.0
03/2020,AZ,04,1288,7123898,18.079989354142914
03/2020,CA,06,16538,39776830,41.57696830038995
03/2020,CO,08,2937,5684203,51.66951285870684
03/2020,CT,09,3128,3588683,87.16289513451035
03/2020,DE,10,414,971180,42.62855495376758
03/2020,FL,12,6515,21312211,30.56932947970532
03/2020,GA,13,4234,10545138,40.151205228419016
03/2020,GU,66,71,168783,42.06584786382515
03/2020,HI,15,283,1426393,19.840254403940566
03/2020,IA,19,497,3160553,15.725096209429173
03/2020,ID,16,525,1753860,29.9339742054668
03/2020,IL,17,5992,12768320,46.92864840480188
03/2020,IN,18,2159,6699629,32.22566503309362
03/2020,KS,20,428,2918515,14.664992299165842
03/2020,KY,21,841,4472265,18.804789072203906
03/2020,LA,22,5237,4682509,111.84174979695715
03/2020,MA,25,6619,6895917,95.98433391817215
03/2020,MD,24,1660,6079602,27.304418940581964
03/2020,ME,23,303,1341582,22.585276188857634
03/2020,MI,26,19903,9991177,199.20575924137867
03/2020,MN,27,689,5628162,12.242007248547573
03/2020,MO,29,2558,6135888,41.68915729882944
03/2020,MP,69,2,57557,3.474816269089772
03/2020,MS,28,2242,2982785,75.16465316809627
03/2020,MT,30,203,1062330,19.108939783306504
03/2020,NC,37,2314,10390149,22.271095438573596
03/2020,ND,38,126,755238,16.68348255781621
03/2020,NE,31,180,1932549,9.314123471125441
03/2020,NH,33,367,1350575,27.173611239657184
03/2020,NJ,34,18696,9032872,206.97736002458575
03/2020,NM,35,315,2090708,15.066666411569669
03/2020,NV,32,1113,3056824,36.410339620468825
03/2020,NY,36,32656,19862512,164.41022162755647
03/2020,NYC,36061,53869,8400000,641.297619047619
03/2020,OH,39,2199,11694664,18.803447452616
03/2020,OK,40,1627,3940521,41.288956460325934
03/2020,OR,41,689,4199563,16.406468958794047
03/2020,PA,42,4959,12823989,38.6697150161311
03/2020,PR,72,430,3400000,12.647058823529411
03/2020,PW,70,0,18092,0.0
03/2020,RI,44,511,1061712,48.12981298129813
03/2020,SC,45,978,5088916,19.218238225979757
03/2020,SD,46,108,877790,12.30362615204092
03/2020,TN,47,3231,6782564,47.63685237618104
03/2020,TX,48,3266,28704330,11.378074318404227
03/2020,UT,49,934,3159345,29.563089817667905
03/2020,VA,51,1484,8525660,17.406277050691678
03/2020,VI,78,30,106290,28.22466836014677
03/2020,VT,50,271,623960,43.43227129944227
03/2020,WA,53,5340,7530552,70.91113639478222
03/2020,WI,55,1351,5818049,23.220842588297213
03/2020,WV,54,162,1803077,8.98464125492145
03/2020,WY,56,120,573720,20.916126333403056
03/2021,AK,02,4207,738068,570.0016800619997
03/2021,AL,01,13740,4888949,281.0419990063304
03/2021,AR,05,7983,3020327,264.3091294419445
03/2021,AS,60,-4,55197,-7.246770657825606
03/2021,AZ,04,25029,7123898,351.33855088885326
03/2021,CA,06,82487,39776830,207.37449414646667
03/2021,CO,08,32085,5684203,564.459080718968
03/2021,CT,09,30942,3588683,862.2104543644562
03/2021,DE,10,7193,971180,740.645400440701
03/2021,FL,12,151493,21312211,710.8272342085952
03/2021,GA,13,53027,10545138,502.85733576933745
03/2021,GU,66,76,168783,45.0282315162072
03/2021,HI,15,2306,1426393,161.6665252844062
03/2021,IA,19,14670,3160553,464.1592784553842
03/2021,ID,16,9396,1753860,535.7326126372686
03/2021,IL,17,57889,12768320,453.37992782135785
03/2021,IN,18,25339,6699629,378.21497279924006
03/2021,KS,20,8709,2918515,298.4051820874657
03/2021,KY,21,19548,4472265,437.09395574725556
03/2021,LA,22,14833,4682509,316.7746180519888
03/2021,MA,25,54432,6895917,789.3366465982698
03/2021,MD,24,30226,6079602,497.1707029506208
03/2021,ME,23,6025,1341582,449.096663491311
03/2021,MI,26,110358,9991177,1104.5545484781223
03/2021,MN,27,34044,5628162,604.8866397235901
03/2021,MO,29,17032,6135888,277.5800340553804
03/2021,MP,69,16,57557,27.798530152718175
03/2021,MS,28,9712,2982785,325.60174467821184
03/2021,MT,30,4598,1062330,432.8221927273069
03/2021,NC,37,51667,10390149,497.2690959484796
03/2021,ND,38,3447,755238,456.41241568882924
03/2021,NE,31,9560,1932549,494.6834465775512
03/2021,NH,33,8752,1350575,648.020287655258
03/2021,NJ,34,119460,9032872,1322.5029647270546
03/2021,NM,35,6520,2090708,311.8560793759817
03/2021,NV,32,10008,3056824,327.39863335278704
03/2021,NY,36,107227,19862512,539.8461181546423
03/2021,NYC,36061,120593,8400000,1435.6309523809525
03/2021,OH,39,50144,11694664,428.7767480963968
03/2021,OK,40,9213,3940521,233.80157090902446
03/2021,OR,41,9415,4199563,224.18999310166322
03/2021,PA,42,93719,12823989,730.8100467023171
03/2021,PR,72,7684,3400000,225.99999999999997
03/2021,PW,70,0,18092,0.0
03/2021,RI,44,11183,1061712,1053.2988230329881
03/2021,SC,45,30390,5088916,597.180224629371
03/2021,SD,46,5332,877790,607.4345800248351
03/2021,TN,47,35527,6782564,523.7989645213815
03/2021,TX,48,139281,28704330,485.22644493008545
03/2021,UT,49,14406,3159345,455.9805909136229
03/2021,VA,51,43628,8525660,511.72577841480893
03/2021,VI,78,261,106290,245.55461473327688
03/2021,VT,50,3924,623960,628.8864670812231
03/2021,WA,53,24184,7530552,321.14511658640697
03/2021,WI,55,18674,5818049,320.96670206799564
03/2021,WV,54,9883,1803077,548.1185772986955
03/2021,WY,56,1916,573720,333.9608171233354
04/2020,AK,02,227,738068,30.755973704319928
04/2020,AL,01,6412,4888949,131.15293286962086
04/2020,AR,05,2695,3020327,89.2287490725342
04/2020,AS,60,0,55197,0.0
04/2020,AZ,04,6359,7123898,89.26292880667297
04/2020,CA,06,44933,39776830,112.96274740847875
04/2020,CO,08,12900,5684203,226.94474493609746
04/2020,CT,09,24572,3588683,684.7080112676433
04/2020,DE,10,4632,971180,476.94557136679094
04/2020,FL,12,26981,21312211,126.59878414304363
04/2020,GA,13,21005,10545138,199.19132400163946
04/2020,GU,66,75,168783,44.43575478573079
04/2020,HI,15,324,1426393,22.714637550801218
04/2020,IA,19,6648,3160553,210.34293682149928
04/2020,ID,16,1490,1753860,84.955469649801
04/2020,IL,17,46924,12768320,367.503320718779
04/2020,IN,18,15676,6699629,233.98310563167004
04/2020,KS,20,3810,2918515,130.5458426631352
04/2020,KY,21,4206,4472265,94.04630539558815
04/2020,LA,22,22807,4682509,487.06793729600946
04/2020,MA,25,55585,6895917,806.0566854270432
04/2020,MD,24,21812,6079602,358.77348550118904
04/2020,ME,23,820,1341582,61.12186955400416
04/2020,MI,26,34532,9991177,345.62494488887546
04/2020,MN,27,4447,5628162,79.01336173336873
04/2020,MO,29,6142,6135888,100.09961068389774
04/2020,MP,69,12,57557,20.848897614538632
04/2020,MS,28,6218,2982785,208.46289625299843
04/2020,MT,30,250,1062330,23.533177073037567
04/2020,NC,37,9177,10390149,88.32404617104143
04/2020,ND,38,941,755238,124.59648481670678
04/2020,NE,31,4281,1932549,221.5209032216001
04/2020,NH,33,1779,1350575,131.72167410177147
04/2020,NJ,34,99957,9032872,1106.5915691044886
04/2020,NM,35,3096,2090708,148.08380701657046
04/2020,NV,32,3894,3056824,127.38711813306882
04/2020,NY,36,104238,19862512,524.7976690964365
04/2020,NYC,36061,120300,8400000,1432.142857142857
04/2020,OH,39,15828,11694664,135.3437772987749
04/2020,OK,40,2789,3940521,70.77744288128397
04/2020,OR,41,1820,4199563,43.337842532663515
04/2020,PA,42,43175,12823989,336.67371361594275
04/2020,PR,72,713,3400000,20.970588235294116
04/2020,PW,70,0,18092,0.0
04/2020,RI,44,8179,1061712,770.3595702035957
04/2020,SC,45,5011,5088916,98.46890772022962
04/2020,SD,46,2341,877790,266.6924890919241
04/2020,TN,47,9451,6782564,139.34258489857228
04/2020,TX,48,24821,28704330,86.47127454289998
04/2020,UT,49,3819,3159345,120.8794860960104
04/2020,VA,51,15417,8525660,180.83057499360754
04/2020,VI,78,36,106290,33.869602032176125
04/2020,VT,50,521,623960,83.49894223988717
04/2020,WA,53,9067,7530552,120.40286024185212
04/2020,WI,55,5503,5818049,94.58497169755702
04/2020,WV,54,963,1803077,53.40870079314417
04/2020,WY,56,439,573720,76.51816216969951
04/2021,AK,02,4871,738068,659.9662903689091
04/2021,AL,01,12362,4888949,252.85598192985853
04/2021,AR,05,5327,3020327,176.37163128363255
04/2021,AS,60,0,55197,0.0
04/2021,AZ,04,20061,7123898,281.601449094302
04/2021,CA,06,66511,39776830,167.2104086725865
04/2021,CO,08,48533,5684203,853.8224268204355
04/2021,CT,09,28345,3588683,789.844073717294
04/2021,DE,10,9353,971180,963.0552523734015
04/2021,FL,12,170907,21312211,801.9205515561008
04/2021,GA,13,40639,10545138,385.3813956725839
04/2021,GU,66,165,168783,97.75866052860775
04/2021,HI,15,2915,1426393,204.36163105118993
04/2021,IA,19,13843,3160553,437.99297148315503
04/2021,ID,16,7120,1753860,405.9617073198545
04/2021,IL,17,90470,12768320,708.5505375805118
04/2021,IN,18,32488,6699629,484.92237405981734
04/2021,KS,20,6758,2918515,231.55611672374476
04/2021,KY,21,16226,4472265,362.8139209103217
04/2021,LA,22,13648,4682509,291.46767256613924
04/2021,MA,25,53393,6895917,774.269759917354
04/2021,MD,24,35412,6079602,582.4723394722221
04/2021,ME,23,10742,1341582,800.6964911574544
04/2021,MI,26,157899,9991177,1580.3843731324148
04/2021,MN,27,56283,5628162,1000.024519550077
04/2021,MO,29,17582,6135888,286.54369180141487
04/2021,MP,69,5,57557,8.687040672724429
04/2021,MS,28,6746,2982785,226.1644738055207
04/2021,MT,30,4193,1062330,394.6984458689861
04/2021,NC,37,53852,10390149,518.2986307511086
04/2021,ND,38,4340,755238,574.6532881025583
04/2021,NE,31,9251,1932549,478.69420128545255
04/2021,NH,33,10710,1350575,792.995575958388
04/2021,NJ,34,97412,9032872,1078.4166984764092
04/2021,NM,35,6081,2090708,290.8584077738259
04/2021,NV,32,11676,3056824,381.96507224491825
04/2021,NY,36,92985,19862512,468.1432036390966
04/2021,NYC,36061,77525,8400000,922.9166666666666
04/2021,OH,39,54746,11694664,468.1280283041907
04/2021,OK,40,6789,3940521,172.28686257477122
04/2021,OR,41,19800,4199563,471.4776275531526
04/2021,PA,42,125866,12823989,981.4886771970874
04/2021,PR,72,24102,3400000,708.8823529411765
04/2021,PW,70,0,18092,0.0
04/2021,RI,44,10613,1061712,999.6119474961195
04/2021,SC,45,25192,5088916,495.03666399681185
04/2021,SD,46,4901,877790,558.3339978810421
04/2021,TN,47,32243,6782564,475.38069673946313
04/2021,TX,48,99922,28704330,348.10775935198626
04/2021,UT,49,11682,3159345,369.76018763382916
04/2021,VA,51,39751,8525660,466.25129315501675
04/2021,VI,78,218,106290,205.09925675039983
04/2021,VT,50,3504,623960,561.5744599012758
04/2021,WA,53,38608,7530552,512.6848602864703
04/2021,WI,55,24409,5818049,419.53926479477917
04/2021,WV,54,11390,1803077,631.6979252688599
04/2021,WY,56,1832,573720,319.3195286899533
05/2020,AK,02,108,738068,14.632798061967188
05/2020,AL,01,11601,4888949,237.29026422652393
05/2020,AR,05,3998,3020327,132.36977320667597
05/2020,AS,60,0,55197,0.0
05/2020,AZ,04,12288,7123898,172.48983632275474
05/2020,CA,06,71118,39776830,178.79252821303257
05/2020,CO,08,10924,5684203,192.18173594433557
05/2020,CT,09,14501,3588683,404.0758127703116
05/2020,DE,10,4705,971180,484.46220062192384
05/2020,FL,12,21688,21312211,101.76325675454319
05/2020,GA,13,20371,10545138,193.1790745649796
05/2020,GU,66,29,168783,17.181825183815906
05/2020,HI,15,37,1426393,2.593955522776682
05/2020,IA,19,12407,3160553,392.5578846486675
05/2020,ID,16,824,1753860,46.9820852291517
05/2020,IL,17,67342,12768320,527.4147264479587
05/2020,IN,18,16739,6699629,249.8496558540779
05/2020,KS,20,5481,2918515,187.80098783114016
05/2020,KY,21,5422,4472265,121.23610743102209
05/2020,LA,22,11872,4682509,253.53928844557478
05/2020,MA,25,34760,6895917,504.06639175036474
05/2020,MD,24,29855,6079602,491.06832980185214
05/2020,ME,23,1226,1341582,91.38464886976718
05/2020,MI,26,43686,9991177,437.24578195341746
05/2020,MN,27,20072,5628162,356.6350790897632
05/2020,MO,29,5393,6135888,87.89273858975261
05/2020,MP,69,8,57557,13.899265076359088
05/2020,MS,28,8987,2982785,301.29560125855534
05/2020,MT,30,62,1062330,5.836227914113317
05/2020,NC,37,19151,10390149,184.31881968198917
05/2020,ND,38,1510,755238,199.93697351033714
05/2020,NE,31,9605,1932549,497.01197744533255
05/2020,NH,33,2505,1350575,185.47655628158378
05/2020,NJ,34,42154,9032872,466.67327955051286
05/2020,NM,35,4278,2090708,204.6196790752224
05/2020,NV,32,3603,3056824,117.86743365008911
05/2020,NY,36,30573,19862512,153.92312915909125
05/2020,NYC,36061,32688,8400000,389.1428571428571
05/2020,OH,39,17486,11694664,149.52118333626345
05/2020,OK,40,2983,3940521,75.7006497364181
05/2020,OR,41,1733,4199563,41.26619841159663
05/2020,PA,42,27806,12823989,216.82800882003255
05/2020,PR,72,316,3400000,9.294117647058824
05/2020,PW,70,0,18092,0.0
05/2020,RI,44,6145,1061712,578.782193287822
05/2020,SC,45,6066,5088916,119.20023832187445
05/2020,SD,46,2544,877790,289.81874935918614
05/2020,TN,47,12271,6782564,180.91978195856316
05/2020,TX,48,36200,28704330,126.11337731972841
05/2020,UT,49,5191,3159345,164.306209040165
05/2020,VA,51,28497,8525660,334.24978242153685
05/2020,VI,78,3,106290,2.822466836014677
05/2020,VT,50,108,623960,17.308801846272196
05/2020,WA,53,7353,7530552,97.64224455259057
05/2020,WI,55,11549,5818049,198.5029689505881
05/2020,WV,54,885,1803077,49.08276241114495
05/2020,WY,56,344,573720,59.95956215575542
05/2021,AK,02,2072,738068,280.7329405962594
05/2021,AL,01,8510,4888949,174.06604159707945
05/2021,AR,05,5656,3020327,187.26449156001982
05/2021,AS,60,0,55197,0.0
05/2021,AZ,04,18953,7123898,266.04816632691825
05/2021,CA,06,39932,39776830,100.39010147364685
05/2021,CO,08,30505,5684203,536.6627476182678
05/2021,CT,09,8273,3588683,230.53025302039774
05/2021,DE,10,3619,971180,372.6394695113161
05/2021,FL,12,87180,21312211,409.06126539381575
05/2021,GA,13,23654,10545138,224.31190563840892
05/2021,GU,66,198,168783,117.31039263432929
05/2021,HI,15,2341,1426393,164.1202669951409
05/2021,IA,19,6582,3160553,208.25469466893924
05/2021,ID,16,4422,1753860,252.12958845061752
05/2021,IL,17,47131,12768320,369.12452068870454
05/2021,IN,18,23723,6699629,354.0942341732654
05/2021,KS,20,5182,2918515,177.55605162214346
05/2021,KY,21,11451,4472265,256.0447558451925
05/2021,LA,22,12836,4682509,274.1265419884938
05/2021,MA,25,18064,6895917,261.95210876232994
05/2021,MD,24,11604,6079602,190.8677574617549
05/2021,ME,23,6289,1341582,468.77492393308796
05/2021,MI,26,39926,9991177,399.6125781777262
05/2021,MN,27,25638,5628162,455.5305977333275
05/2021,MO,29,14044,6135888,228.88292615510582
05/2021,MP,69,19,57557,33.010754556352836
05/2021,MS,28,5132,2982785,172.05396969610618
05/2021,MT,30,3012,1062330,283.5277173759566
05/2021,NC,37,29807,10390149,286.8775029116522
05/2021,ND,38,2323,755238,307.58515858577033
05/2021,NE,31,3255,1932549,168.43039943618504
05/2021,NH,33,3860,1350575,285.80419450974586
05/2021,NJ,34,19109,9032872,211.54954924635263
05/2021,NM,35,5415,2090708,259.00317021793575
05/2021,NV,32,8694,3056824,284.41284156366214
05/2021,NY,36,32062,19862512,161.41966333362063
05/2021,NYC,36061,19860,8400000,236.42857142857142
05/2021,OH,39,29932,11694664,255.94578860923238
05/2021,OK,40,4072,3940521,103.33658924797
05/2021,OR,41,16663,4199563,396.77937918778696
05/2021,PA,42,50716,12823989,395.47756942087204
05/2021,PR,72,5733,3400000,168.6176470588235
05/2021,PW,70,0,18092,0.0
05/2021,RI,44,3533,1061712,332.7644408276444
05/2021,SC,45,13515,5088916,265.5771877547203
05/2021,SD,46,1531,877790,174.41529295161715
05/2021,TN,47,16699,6782564,246.20482755488928
05/2021,TX,48,60617,28704330,211.17719870138058
05/2021,UT,49,8847,3159345,280.0263978767751
05/2021,VA,51,15044,8525660,176.4555471365267
05/2021,VI,78,333,106290,313.2938187976291
05/2021,VT,50,1185,623960,189.91602025770882
05/2021,WA,53,33767,7530552,448.40006416528297
05/2021,WI,55,13970,5818049,240.11485637195563
05/2021,WV,54,8585,1803077,476.1305257623496
05/2021,WY,56,2164,573720,377.18747821236843
06/2020,AK,02,481,738068,65.17014692413166
06/2020,AL,01,24829,4888949,507.859664725486
06/2020,AR,05,13524,3020327,447.76608625489894
06/2020,AS,60,0,55197,0.0
06/2020,AZ,04,59300,7123898,832.4094477489712
06/2020,CA,06,156805,39776830,394.2119067809073
06/2020,CO,08,6416,5684203,112.87422352790708
06/2020,CT,09,4313,3588683,120.18336531814039
06/2020,DE,10,1977,971180,203.5667950328466
06/2020,FL,12,101038,21312211,474.0850210238628
06/2020,GA,13,36065,10545138,342.0059557304987
06/2020,GU,66,92,168783,54.50785920382977
06/2020,HI,15,264,1426393,18.50822318954173
06/2020,IA,19,9395,3160553,297.2581064136561
06/2020,ID,16,3278,1753860,186.90203322956222
06/2020,IL,17,23978,12768320,187.79291245833437
06/2020,IN,18,11020,6699629,164.48672008554502
06/2020,KS,20,4724,2918515,161.86313930200805
06/2020,KY,21,6605,4472265,147.6880283256918
06/2020,LA,22,18179,4682509,388.2320354322864
06/2020,MA,25,6736,6895917,97.6809900699211
06/2020,MD,24,14591,6079602,239.99926310965753
06/2020,ME,23,945,1341582,70.4392277177243
06/2020,MI,26,27082,9991177,271.05915549289136
06/2020,MN,27,11508,5628162,204.47172629359284
06/2020,MO,29,11267,6135888,183.62460331740084
06/2020,MP,69,8,57557,13.899265076359088
06/2020,MS,28,15389,2982785,515.9272290828873
06/2020,MT,30,503,1062330,47.348752270951586
06/2020,NC,37,41125,10390149,395.80760583895375
06/2020,ND,38,999,755238,132.27618313697138
06/2020,NE,31,5065,1932549,262.0890854513909
06/2020,NH,33,1131,1350575,83.74210984210428
06/2020,NJ,34,11871,9032872,131.41999576657346
06/2020,NM,35,4458,2090708,213.22920273897645
06/2020,NV,32,10074,3056824,329.5577370499577
06/2020,NY,36,10808,19862512,54.41406404184929
06/2020,NYC,36061,10966,8400000,130.54761904761904
06/2020,OH,39,16276,11694664,139.17458423773442
06/2020,OK,40,11587,3940521,294.0474114971091
06/2020,OR,41,4413,4199563,105.08236214101325
06/2020,PA,42,15114,12823989,117.85724395116058
06/2020,PR,72,559,3400000,16.441176470588236
06/2020,PW,70,0,18092,0.0
06/2020,RI,44,1895,1061712,178.48531428485316
06/2020,SC,45,23623,5088916,464.2049505238444
06/2020,SD,46,1771,877790,201.75668440059695
06/2020,TN,47,24872,6782564,366.7049805943593
06/2020,TX,48,95699,28704330,333.3956932630025
06/2020,UT,49,12802,3159345,405.21057371069
06/2020,VA,51,17389,8525660,203.96074907983666
06/2020,VI,78,21,106290,19.757267852102736
06/2020,VT,50,203,623960,32.53413680364126
06/2020,WA,53,11065,7530552,146.93477981428188
06/2020,WI,55,13259,5818049,227.89426489876593
06/2020,WV,54,895,1803077,49.63736989601665
06/2020,WY,56,584,573720,101.79181482256152
06/2021,AK,02,898,738068,121.66900610783831
06/2021,AL,01,5556,4888949,113.64405724011439
06/2021,AR,05,8004,3020327,265.0044183957565
06/2021,AS,60,0,55197,0.0
06/2021,AZ,04,13425,7123898,188.4501995957831
06/2021,CA,06,32273,39776830,81.1351734162828
06/2021,CO,08,11133,5684203,195.85859266461804
06/2021,CT,09,1846,3588683,51.43948350968866
06/2021,DE,10,868,971180,89.37581086925184
06/2021,FL,12,52607,21312211,246.83971081179706
06/2021,GA,13,10732,10545138,101.77202043254437
06/2021,GU,66,193,168783,114.34800898194723
06/2021,HI,15,1356,1426393,95.06496456446436
06/2021,IA,19,2437,3160553,77.10675948164767
06/2021,ID,16,2920,1753860,166.4899136761201
06/2021,IL,17,9553,12768320,74.81798701786923
06/2021,IN,18,9779,6699629,145.96330632636526
06/2021,KS,20,3794,2918515,129.99761865195143
06/2021,KY,21,5594,4472265,125.0820333768236
06/2021,LA,22,9586,4682509,204.71930753363208
06/2021,MA,25,2929,6895917,42.47440913224448
06/2021,MD,24,2410,6079602,39.64075279927864
06/2021,ME,23,1235,1341582,92.05549865755503
06/2021,MI,26,6259,9991177,62.645271923418036
06/2021,MN,27,3915,5628162,69.5608975008182
06/2021,MO,29,20308,6135888,330.9708391026694
06/2021,MP,69,0,57557,0.0
06/2021,MS,28,4189,2982785,140.43922039302197
06/2021,MT,30,1926,1062330,181.2995961706814
06/2021,NC,37,12213,10390149,117.54403137048371
06/2021,ND,38,756,755238,100.10089534689726
06/2021,NE,31,1170,1932549,60.54180256231537
06/2021,NH,33,758,1350575,56.12424337782056
06/2021,NJ,34,7063,9032872,78.19218516547117
06/2021,NM,35,2394,2090708,114.50666472792948
06/2021,NV,32,9580,3056824,313.3971730135592
06/2021,NY,36,6255,19862512,31.491485064930355
06/2021,NYC,36061,6357,8400000,75.67857142857143
06/2021,OH,39,9080,11694664,77.64224778069725
06/2021,OK,40,4938,3940521,125.31337861160999
06/2021,OR,41,7162,4199563,170.54155396644842
06/2021,PA,42,9420,12823989,73.45608297075114
06/2021,PR,72,1456,3400000,42.82352941176471
06/2021,PW,70,0,18092,0.0
06/2021,RI,44,686,1061712,64.61262564612626
06/2021,SC,45,5226,5088916,102.69377604189182
06/2021,SD,46,345,877790,39.3032502079085
06/2021,TN,47,5621,6782564,82.87426406886834
06/2021,TX,48,44613,28704330,155.42254426422772
06/2021,UT,49,8969,3159345,283.88795778871884
06/2021,VA,51,4967,8525660,58.25941921211965
06/2021,VI,78,421,106290,396.08617932072633
06/2021,VT,50,167,623960,26.764536188217193
06/2021,WA,53,14920,7530552,198.1262462565825
06/2021,WI,55,3202,5818049,55.03563136027215
06/2021,WV,54,2328,1803077,129.11262247813042
06/2021,WY,56,1984,573720,345.81328871226384
07/2020,AK,02,2049,738068,277.61669656454416
07/2020,AL,01,55684,4888949,1138.976904852147
07/2020,AR,05,21734,3020327,719.5909581975727
07/2020,AS,60,0,55197,0.0
07/2020,AZ,04,94826,7123898,1331.097104422326
07/2020,CA,06,288997,39776830,726.5460822292777
07/2020,CO,08,14610,5684203,257.02811810204526
07/2020,CT,09,3296,3588683,91.84427824915157
07/2020,DE,10,3598,971180,370.4771515064149
07/2020,FL,12,315409,21312211,1479.9449949139487
07/2020,GA,13,109057,10545138,1034.1922504949673
07/2020,GU,66,89,168783,52.730429012400535
07/2020,HI,15,1264,1426393,88.61512921053314
07/2020,IA,19,15635,3160553,494.6919099284208
07/2020,ID,16,14604,1753860,832.6776367554993
07/2020,IL,17,35880,12768320,281.007994787098
07/2020,IN,18,20560,6699629,306.88266469680633
07/2020,KS,20,13369,2918515,458.0754253447387
07/2020,KY,21,17388,4472265,388.7962810790506
07/2020,LA,22,58185,4682509,1242.603057463424
07/2020,MA,25,6086,6895917,88.25512256020482
07/2020,MD,24,21447,6079602,352.76980302329
07/2020,ME,23,643,1341582,47.92849039417643
07/2020,MI,26,41363,9991177,413.99526802497843
07/2020,MN,27,18472,5628162,328.20661523246844
07/2020,MO,29,30375,6135888,495.0383709741768
07/2020,MP,69,12,57557,20.848897614538632
07/2020,MS,28,31944,2982785,1070.9454419275946
07/2020,MT,30,2947,1062330,277.40909133696687
07/2020,NC,37,56603,10390149,544.775633150208
07/2020,ND,38,3026,755238,400.6683985710465
07/2020,NE,31,7035,1932549,364.02699232981934
07/2020,NH,33,801,1350575,59.30807248764415
07/2020,NJ,34,11286,9032872,124.94365025874384
07/2020,NM,35,8453,2090708,404.31279738729654
07/2020,NV,32,29628,3056824,969.2412778753373
07/2020,NY,36,11591,19862512,58.356163611128345
07/2020,NYC,36061,10719,8400000,127.60714285714285
07/2020,OH,39,39370,11694664,336.64926157775886
07/2020,OK,40,23629,3940521,599.6415194843524
07/2020,OR,41,9837,4199563,234.23865768890713
07/2020,PA,42,26017,12823989,202.87759136412234
07/2020,PR,72,6460,3400000,190.0
07/2020,PW,70,0,18092,0.0
07/2020,RI,44,2234,1061712,210.4148771041488
07/2020,SC,45,54269,5088916,1066.4157160385435
07/2020,SD,46,2000,877790,227.84492874149856
07/2020,TN,47,59602,6782564,878.7532266558783
07/2020,TX,48,260960,28704330,909.1311310871914
07/2020,UT,49,18051,3159345,571.3526063155496
07/2020,VA,51,28014,8525660,328.5845318720193
07/2020,VI,78,331,106290,311.412174240286
07/2020,VT,50,192,623960,30.771203282261684
07/2020,WA,53,23919,7530552,317.6261182447183
07/2020,WI,55,25272,5818049,434.37241590780684
07/2020,WV,54,3737,1803077,207.25681709655217
07/2020,WY,56,1239,573720,215.95900439238653
07/2021,AK,02,4140,738068,560.9239257087423
07/2021,AL,01,40910,4888949,836.785165891483
07/2021,AR,05,37067,3020327,1227.2512214737014
07/2021,AS,60,0,55197,0.0
07/2021,AZ,04,32360,7123898,454.2456952640254
07/2021,CA,06,184516,39776830,463.8780918439202
07/2021,CO,08,16893,5684203,297.19206017096855
07/2021,CT,09,5397,3588683,150.3894325578492
07/2021,DE,10,1663,971180,171.23499248337075
07/2021,FL,12,292279,21312211,1371.415664005954
07/2021,GA,13,48705,10545138,461.87162273267546
07/2021,GU,66,189,168783,111.97810206004159
07/2021,HI,15,4252,1426393,298.09456440125547
07/2021,IA,19,6373,3160553,201.64192785249924
07/2021,ID,16,5775,1753860,329.2737162601348
07/2021,IL,17,29741,12768320,232.92805944713163
07/2021,IN,18,18304,6699629,273.20915829816846
07/2021,KS,20,15394,2918515,527.4600267601845
07/2021,KY,21,21220,4472265,474.4799335459773
07/2021,LA,22,63914,4682509,1364.9519947532401
07/2021,MA,25,10515,6895917,152.48153363794836
07/2021,MD,24,6467,6079602,106.37209475225518
07/2021,ME,23,1409,1341582,105.02526122145348
07/2021,MI,26,13080,9991177,130.91550675160693
07/2021,MN,27,7543,5628162,134.02243929723417
07/2021,MO,29,61493,6135888,1002.1858286852694
07/2021,MP,69,7,57557,12.161856941814202
07/2021,MS,28,24532,2982785,822.4528418910515
07/2021,MT,30,2699,1062330,254.0641796805136
07/2021,NC,37,47379,10390149,455.99923542963626
07/2021,ND,38,940,755238,124.46407622497809
07/2021,NE,31,4203,1932549,217.48478305077904
07/2021,NH,33,1262,1350575,93.44168224645058
07/2021,NJ,34,15958,9032872,176.66584891272677
07/2021,NM,35,5232,2090708,250.25015449311908
07/2021,NV,32,23532,3056824,769.8186091184838
07/2021,NY,36,15309,19862512,77.07484330280077
07/2021,NYC,36061,21343,8400000,254.08333333333334
07/2021,OH,39,17711,11694664,151.4451377140891
07/2021,OK,40,26187,3940521,664.5567933783375
07/2021,OR,41,11799,4199563,280.9578044191741
07/2021,PA,42,13522,12823989,105.44300997139034
07/2021,PR,72,7397,3400000,217.55882352941174
07/2021,PW,70,0,18092,0.0
07/2021,RI,44,2115,1061712,199.20656449206564
07/2021,SC,45,22851,5088916,449.03472566652704
07/2021,SD,46,839,877790,95.58094760705863
07/2021,TN,47,32935,6782564,485.58332807475165
07/2021,TX,48,134719,28704330,469.33337235183683
07/2021,UT,49,18076,3159345,572.1439095761939
07/2021,VA,51,16302,8525660,191.21100301912108
07/2021,VI,78,750,106290,705.6167090036691
07/2021,VT,50,481,623960,77.08827488941598
07/2021,WA,53,23551,7530552,312.73935828342997
07/2021,WI,55,10271,5818049,176.5368425051078
07/2021,WV,54,3196,1803077,177.25255216499352
07/2021,WY,56,2949,573720,514.01380464338
08/2020,AK,02,2297,738068,311.21793655869106
08/2020,AL,01,35920,4888949,734.718239032561
08/2020,AR,05,18713,3020327,619.5686758420528
08/2020,AS,60,0,55197,0.0
08/2020,AZ,04,27856,7123898,391.02188155978655
08/2020,CA,06,159266,39776830,400.39892570624653
08/2020,CO,08,10638,5684203,187.15024780079108
08/2020,CT,09,3069,3588683,85.51883796924945
08/2020,DE,10,2439,971180,251.1377911406742
08/2020,FL,12,148812,21312211,698.2475914864019
08/2020,GA,13,90035,10545138,853.8058013086221
08/2020,GU,66,1091,168783,646.3921129497639
08/2020,HI,15,6450,1426393,452.1895438353946
08/2020,IA,19,20241,3160553,640.4259001510179
08/2020,ID,16,11367,1753860,648.1133043686497
08/2020,IL,17,56607,12768320,443.33945264529706
08/2020,IN,18,28042,6699629,418.5604904390974
08/2020,KS,20,14800,2918515,507.10721034498715
08/2020,KY,21,20444,4472265,457.12854672073325
08/2020,LA,22,32614,4682509,696.5069367725721
08/2020,MA,25,8997,6895917,130.4685076691033
08/2020,MD,24,19498,6079602,320.7117834358236
08/2020,ME,23,611,1341582,45.54324670426407
08/2020,MI,26,39178,9991177,392.1259727457536
08/2020,MN,27,20676,5628162,367.366824195892
08/2020,MO,29,35304,6135888,575.369041938184
08/2020,MP,69,14,57557,24.323713883628404
08/2020,MS,28,21714,2982785,727.9773768474764
08/2020,MT,30,3528,1062330,332.10019485470616
08/2020,NC,37,44929,10390149,432.4192078477411
08/2020,ND,38,5398,755238,714.7415781515231
08/2020,NE,31,8196,1932549,424.10308871857836
08/2020,NH,33,692,1350575,51.237435906928525
08/2020,NJ,34,11506,9032872,127.37919899673103
08/2020,NM,35,4752,2090708,227.29142472310815
08/2020,NV,32,21172,3056824,692.614295098442
08/2020,NY,36,10653,19862512,53.6336995038694
08/2020,NYC,36061,8168,8400000,97.23809523809524
08/2020,OH,39,31998,11694664,273.61196525184477
08/2020,OK,40,20734,3940521,526.1740769811911
08/2020,OR,41,8220,4199563,195.73465143873304
08/2020,PA,42,22644,12823989,176.5753230137674
08/2020,PR,72,8355,3400000,245.73529411764704
08/2020,PW,70,0,18092,0.0
08/2020,RI,44,2804,1061712,264.1017526410175
08/2020,SC,45,32975,5088916,647.9768972409842
08/2020,SD,46,4745,877790,540.5620934392053
08/2020,TN,47,46038,6782564,678.7698575347022
08/2020,TX,48,192023,28704330,668.9687583719947
08/2020,UT,49,11995,3159345,379.66730445709476
08/2020,VA,51,30814,8525660,361.42656404313567
08/2020,VI,78,718,106290,675.5103960861793
08/2020,VT,50,185,623960,29.649336495929226
08/2020,WA,53,18469,7530552,245.25426555715967
08/2020,WI,55,23634,5818049,406.2186482100787
08/2020,WV,54,3608,1803077,200.1023805417073
08/2020,WY,56,1116,573720,194.51997490064838
08/2021,AK,02,12078,738068,1636.4345832633308
08/2021,AL,01,136430,4888949,2790.5793249223916
08/2021,AR,05,66439,3020327,2199.7287048720223
08/2021,AS,60,0,55197,0.0
08/2021,AZ,04,84688,7123898,1188.7873745525274
08/2021,CA,06,403428,39776830,1014.2286351124512
08/2021,CO,08,40653,5684203,715.1926136346643
08/2021,CT,09,18171,3588683,506.3417415246763
08/2021,DE,10,8445,971180,869.5607405424329
08/2021,FL,12,640043,21312211,3003.1750342561827
08/2021,GA,13,220304,10545138,2089.152365763255
08/2021,GU,66,2185,168783,1294.561656090957
08/2021,HI,15,20710,1426393,1451.9140236947321
08/2021,IA,19,26334,3160553,833.2086188714444
08/2021,ID,16,20616,1753860,1175.4644042283876
08/2021,IL,17,101462,12768320,794.6386055487332
08/2021,IN,18,86335,6699629,1288.6534463326252
08/2021,KS,20,37573,2918515,1287.4012982629865
08/2021,KY,21,103141,4472265,2306.236325441359
08/2021,LA,22,144319,4682509,3082.0869751665186
08/2021,MA,25,39388,6895917,571.1785684195445
08/2021,MD,24,29555,6079602,486.13379625837354
08/2021,ME,23,5826,1341582,434.2634292946686
08/2021,MI,26,46562,9991177,466.03117930950475
08/2021,MN,27,37056,5628162,658.4032229349475
08/2021,MO,29,79045,6135888,1288.240593700537
08/2021,MP,69,53,57557,92.08263113087895
08/2021,MS,28,92830,2982785,3112.192129167875
08/2021,MT,30,10773,1062330,1014.0916664313349
08/2021,NC,37,173926,10390149,1673.9509702892615
08/2021,ND,38,6297,755238,833.7769021156246
08/2021,NE,31,16171,1932549,836.7705036198306
08/2021,NH,33,6923,1350575,512.5964866815985
08/2021,NJ,34,52613,9032872,582.4614806896411
08/2021,NM,35,21840,2090708,1044.622204535497
08/2021,NV,32,33356,3056824,1091.197923073098
08/2021,NY,36,70452,19862512,354.69833825651057
08/2021,NYC,36061,57974,8400000,690.1666666666667
08/2021,OH,39,91623,11694664,783.4598753756414
08/2021,OK,40,70129,3940521,1779.6885234211416
08/2021,OR,41,55851,4199563,1329.9240897207637
08/2021,PA,42,69312,12823989,540.4870512599473
08/2021,PR,72,24186,3400000,711.3529411764706
08/2021,PW,70,2,18092,11.05460977227504
08/2021,RI,44,8364,1061712,787.7842578778426
08/2021,SC,45,116854,5088916,2296.2454086489147
08/2021,SD,46,6884,877790,784.2422447282379
08/2021,TN,47,179599,6782564,2647.9514236798946
08/2021,TX,48,448541,28704330,1562.6248722753676
08/2021,UT,49,31207,3159345,987.7680341969617
08/2021,VA,51,72976,8525660,855.9571927569244
08/2021,VI,78,1295,106290,1218.364850879669
08/2021,VT,50,3152,623960,505.1605872171293
08/2021,WA,53,87895,7530552,1167.17871412348
08/2021,WI,55,46047,5818049,791.4508798396164
08/2021,WV,54,22453,1803077,1245.2601857824152
08/2021,WY,56,9897,573720,1725.0575193474167
09/2020,AK,02,2601,738068,352.40655332570987
09/2020,AL,01,26665,4888949,545.4137484355022
09/2020,AR,05,22473,3020327,744.0585075721933
09/2020,AS,60,0,55197,0.0
09/2020,AZ,04,16702,7123898,234.4502967336141
09/2020,CA,06,99782,39776830,250.854580417796
09/2020,CO,08,13742,5684203,241.7577275125466
09/2020,CT,09,4671,3588683,130.15916981243535
09/2020,DE,10,3141,971180,323.4209930188019
09/2020,FL,12,77649,21312211,364.34042436986005
09/2020,GA,13,54948,10545138,521.0742619015513
09/2020,GU,66,1041,168783,616.7682764259433
09/2020,HI,15,3858,1426393,270.4724434289849
09/2020,IA,19,24007,3160553,759.5822629773967
09/2020,ID,16,9960,1753860,567.8902534979987
09/2020,IL,17,59038,12768320,462.37876243703164
09/2020,IN,18,25823,6699629,385.43925342731666
09/2020,KS,20,17137,2918515,587.1821799785165
09/2020,KY,21,20616,4472265,460.9744726665347
09/2020,LA,22,18564,4682509,396.45412320617
09/2020,MA,25,11627,6895917,168.60701774687834
09/2020,MD,24,16647,6079602,273.81726632763133
09/2020,ME,23,883,1341582,65.8178180685191
09/2020,MI,26,36796,9991177,368.2849378006215
09/2020,MN,27,23270,5628162,413.4564712245312
09/2020,MO,29,46213,6135888,753.1591189408932
09/2020,MP,69,14,57557,24.323713883628404
09/2020,MS,28,15005,2982785,503.05335449923473
09/2020,MT,30,5900,1062330,555.3829789236867
09/2020,NC,37,41311,10390149,397.59776303496704
09/2020,ND,38,10218,755238,1352.9509902838574
09/2020,NE,31,11262,1932549,582.7536585100818
09/2020,NH,33,991,1350575,73.37615460081817
09/2020,NJ,34,15118,9032872,167.36648100404832
09/2020,NM,35,4083,2090708,195.2926951061554
09/2020,NV,32,10601,3056824,346.79785293494166
09/2020,NY,36,14089,19862512,70.93261919741067
09/2020,NYC,36061,10589,8400000,126.05952380952382
09/2020,OH,39,30830,11694664,263.6245043038432
09/2020,OK,40,30917,3940521,784.5916821658863
09/2020,OR,41,6796,4199563,161.82636145713258
09/2020,PA,42,25399,12823989,198.05849802272914
09/2020,PR,72,9068,3400000,266.70588235294116
09/2020,PW,70,0,18092,0.0
09/2020,RI,44,2960,1061712,278.79500278795
09/2020,SC,45,25766,5088916,506.31607988813334
09/2020,SD,46,8880,877790,1011.6314836122535
09/2020,TN,47,42308,6782564,623.7759053950689
09/2020,TX,48,135998,28704330,473.7891460974703
09/2020,UT,49,20250,3159345,640.9556411218149
09/2020,VA,51,27106,8525660,317.9343300108144
09/2020,VI,78,179,106290,168.40718788220906
09/2020,VT,50,127,623960,20.35386883774601
09/2020,WA,53,13687,7530552,181.75294453846146
09/2020,WI,55,48555,5818049,834.5581138969438
09/2020,WV,54,5598,1803077,310.46927003117446
09/2020,WY,56,2106,573720,367.0780171512236
09/2021,AK,02,25248,738068,3420.8230135976632
09/2021,AL,01,73239,4888949,1498.0520353147476
09/2021,AR,05,43186,3020327,1429.8451790153847
09/2021,AS,60,1,55197,1.8116926644564015
09/2021,AZ,04,81660,7123898,1146.2825548597132
09/2021,CA,06,261830,39776830,658.2475275179042
09/2021,CO,08,50798,5684203,893.6697018034014
09/2021,CT,09,17273,3588683,481.3186341618917
09/2021,DE,10,13111,971180,1350.007207726683
09/2021,FL,12,307377,21312211,1442.2576803504808
09/2021,GA,13,175134,10545138,1660.8033010094318
09/2021,GU,66,4428,168783,2623.4869625495458
09/2021,HI,15,15431,1426393,1081.8196668099183
09/2021,IA,19,47250,3160553,1494.9915410372805
09/2021,ID,16,35933,1753860,2048.795228809597
09/2021,IL,17,104566,12768320,818.9487732137039
09/2021,IN,18,104242,6699629,1555.9369033718135
09/2021,KS,20,39045,2918515,1337.8379072918933
09/2021,KY,21,109252,4472265,2442.8784966901558
09/2021,LA,22,50833,4682509,1085.5932150904569
09/2021,MA,25,52082,6895917,755.2585102169878
09/2021,MD,24,35494,6079602,583.8211119741062
09/2021,ME,23,14438,1341582,1076.1921373423318
09/2021,MI,26,91984,9991177,920.6522915168052
09/2021,MN,27,61130,5628162,1086.1449972477692
09/2021,MO,29,61059,6135888,995.1126878456713
09/2021,MP,69,27,57557,46.910019632711915
09/2021,MS,28,49555,2982785,1661.3668098773462
09/2021,MT,30,23806,1062330,2240.9232536029294
09/2021,NC,37,161914,10390149,1558.3414636305986
09/2021,ND,38,14853,755238,1966.6648129463824
09/2021,NE,31,22014,1932549,1139.1173005186415
09/2021,NH,33,12579,1350575,931.3810784295579
09/2021,NJ,34,62604,9032872,693.0686054225057
09/2021,NM,35,20410,2090708,976.2243220956728
09/2021,NV,32,30719,3056824,1004.9319162634159
09/2021,NY,36,97576,19862512,491.2570977930687
09/2021,NYC,36061,50711,8400000,603.702380952381
09/2021,OH,39,193072,11694664,1650.9409761580152
09/2021,OK,40,60721,3940521,1540.9383683020596
09/2021,OR,41,53767,4199563,1280.2998788207249
09/2021,PA,42,129572,12823989,1010.3876414741154
09/2021,PR,72,9897,3400000,291.0882352941176
09/2021,PW,70,3,18092,16.581914658412558
09/2021,RI,44,9739,1061712,917.2920716729207
09/2021,SC,45,121360,5088916,2384.7907884508213
09/2021,SD,46,12759,877790,1453.5367229063897
09/2021,TN,47,154430,6782564,2276.8675680760257
09/2021,TX,48,442670,28704330,1542.1715121028778
09/2021,UT,49,44072,3159345,1394.972692124475
09/2021,VA,51,99486,8525660,1166.9008616341725
09/2021,VI,78,834,106290,784.6457804120803
09/2021,VT,50,4796,623960,768.639015321495
09/2021,WA,53,94585,7530552,1256.0168232023361
09/2021,WI,55,76224,5818049,1310.1299078093016
09/2021,WV,54,50769,1803077,2815.6867399451053
09/2021,WY,56,15466,573720,2695.740082270097
10/2020,AK,02,7507,738068,1017.1149541776638
10/2020,AL,01,34771,4888949,711.2162552728613
10/2020,AR,05,28493,3020327,943.3746743316203
10/2020,AS,60,0,55197,0.0
10/2020,AZ,04,27495,7123898,385.954431127453
10/2020,CA,06,121224,39776830,304.76033409399395
10/2020,CO,08,38758,5684203,681.8546065297105
10/2020,CT,09,13657,3588683,380.5574356943759
10/2020,DE,10,4380,971180,450.9977553079758
10/2020,FL,12,98402,21312211,461.7165248598561
10/2020,GA,13,53276,10545138,505.2186135449342
10/2020,GU,66,2140,168783,1267.9002032195185
10/2020,HI,15,2515,1426393,176.3188686427934
10/2020,IA,19,39136,3160553,1238.2643164028575
10/2020,ID,16,22560,1753860,1286.3056344292017
10/2020,IL,17,120796,12768320,946.0602491165635
10/2020,IN,18,59339,6699629,885.7057607219743
10/2020,KS,20,25432,2918515,871.4020657766022
10/2020,KY,21,36944,4472265,826.0691171028551
10/2020,LA,22,19191,4682509,409.84438043792335
10/2020,MA,25,26460,6895917,383.7053143186033
10/2020,MD,24,20635,6079602,339.41366556560774
10/2020,ME,23,1237,1341582,92.20457638817456
10/2020,MI,26,66505,9991177,665.6372917825397
10/2020,MN,27,49338,5628162,876.6272186195066
10/2020,MO,29,65625,6135888,1069.5273446972956
10/2020,MP,69,22,57557,38.222978959987486
10/2020,MS,28,21304,2982785,714.2318336722225
10/2020,MT,30,19408,1062330,1826.9276025340525
10/2020,NC,37,65059,10390149,626.1604140614345
10/2020,ND,38,22825,755238,3022.2261062075795
10/2020,NE,31,25957,1932549,1343.1483496666838
10/2020,NH,33,2818,1350575,208.651870499602
10/2020,NJ,34,39343,9032872,435.5536090846854
10/2020,NM,35,17055,2090708,815.7523671407006
10/2020,NV,32,20678,3056824,676.4537310620435
10/2020,NY,36,29663,19862512,149.34163412966095
10/2020,NYC,36061,20792,8400000,247.52380952380955
10/2020,OH,39,61710,11694664,527.676554024981
10/2020,OK,40,39651,3940521,1006.2375000666154
10/2020,OR,41,11412,4199563,271.7425598806352
10/2020,PA,42,49597,12823989,386.75173536097077
10/2020,PR,72,13076,3400000,384.5882352941176
10/2020,PW,70,0,18092,0.0
10/2020,RI,44,8674,1061712,816.9823831698237
10/2020,SC,45,28644,5088916,562.8703637474072
10/2020,SD,46,23603,877790,2688.911926542795
10/2020,TN,47,70541,6782564,1040.0344176627011
10/2020,TX,48,151629,28704330,528.2443450169364
10/2020,UT,49,41614,3159345,1317.1717555379357
10/2020,VA,51,33672,8525660,394.9488954520823
10/2020,VI,78,60,106290,56.44933672029354
10/2020,VT,50,414,623960,66.35040707737676
10/2020,WA,53,21135,7530552,280.65671679844985
10/2020,WI,55,108747,5818049,1869.1317312728029
10/2020,WV,54,8612,1803077,477.62796597150316
10/2020,WY,56,7350,573720,1281.112737920937
10/2021,AK,02,19895,738068,2695.5510874336783
10/2021,AL,01,17715,4888949,362.3478174961531
10/2021,AR,05,14329,3020327,474.4188294843571
10/2021,AS,60,3,55197,5.435077993369204
10/2021,AZ,04,56399,7123898,791.6873599257036
10/2021,CA,06,104270,39776830,262.1375308188209
10/2021,CO,08,55409,5684203,974.7892536561415
10/2021,CT,09,10780,3588683,300.388749856145
10/2021,DE,10,9637,971180,992.2980292015899
10/2021,FL,12,67196,21312211,315.29342497594456
10/2021,GA,13,49450,10545138,468.9364899729145
10/2021,GU,66,2655,168783,1573.0257194148699
10/2021,HI,15,4023,1426393,282.04008292244845
10/2021,IA,19,27389,3160553,866.58885327979
10/2021,ID,16,29013,1753860,1654.2369402346824
10/2021,IL,17,58540,12768320,458.4784842485151
10/2021,IN,18,48389,6699629,722.2638746115643
10/2021,KS,20,20175,2918515,691.2762141020347
10/2021,KY,21,38411,4472265,858.871287815011
10/2021,LA,22,15976,4682509,341.18460850796015
10/2021,MA,25,34093,6895917,494.3940015519328
10/2021,MD,24,23322,6079602,383.6106376700317
10/2021,ME,23,11121,1341582,828.946721109854
10/2021,MI,26,100947,9991177,1010.3614419001885
10/2021,MN,27,62133,5628162,1103.966090528311
10/2021,MO,29,27771,6135888,452.5995259365882
10/2021,MP,69,21,57557,36.48557082544261
10/2021,MS,28,12436,2982785,416.92579250599687
10/2021,MT,30,20948,1062330,1971.891973303964
10/2021,NC,37,73901,10390149,711.2602523794413
10/2021,ND,38,12936,755238,1712.8375426024643
10/2021,NE,31,14610,1932549,755.9963550730149
10/2021,NH,33,12173,1350575,901.3198082298281
10/2021,NJ,34,35869,9032872,397.094080376651
10/2021,NM,35,18188,2090708,869.9445355353306
10/2021,NV,32,16164,3056824,528.784123652523
10/2021,NY,36,79176,19862512,398.6202752199722
10/2021,NYC,36061,31507,8400000,375.08333333333337
10/2021,OH,39,110197,11694664,942.2844469922351
10/2021,OK,40,24503,3940521,621.8213276873794
10/2021,OR,41,29679,4199563,706.7163893005057
10/2021,PA,42,110781,12823989,863.8575719302316
10/2021,PR,72,2623,3400000,77.14705882352942
10/2021,PW,70,3,18092,16.581914658412558
10/2021,RI,44,6064,1061712,571.1530057115301
10/2021,SC,45,34372,5088916,675.4287160566219
10/2021,SD,46,7585,877790,864.1018922521332
10/2021,TN,47,41363,6782564,609.8431212739017
10/2021,TX,48,138426,28704330,482.24780024477144
10/2021,UT,49,34037,3159345,1077.343563301887
10/2021,VA,51,50671,8525660,594.3352186223706
10/2021,VI,78,387,106290,364.0982218458933
10/2021,VT,50,4870,623960,780.4987499198667
10/2021,WA,53,58689,7530552,779.3452591523171
10/2021,WI,55,61861,5818049,1063.2602097369754
10/2021,WV,54,26939,1803077,1494.0571034958573
10/2021,WY,56,10481,573720,1826.8493341699784
11/2020,AK,02,16395,738068,2221.3400391291857
11/2020,AL,01,65453,4888949,1338.7949025444937
11/2020,AR,05,45169,3020327,1495.5003216539137
11/2020,AS,60,3,55197,5.435077993369204
11/2020,AZ,04,80961,7123898,1136.4705109477984
11/2020,CA,06,375025,39776830,942.8227437933089
11/2020,CO,08,135529,5684203,2384.3096384840583
11/2020,CT,09,46088,3588683,1284.2594344499082
11/2020,DE,10,11232,971180,1156.5312300500423
11/2020,FL,12,193284,21312211,906.9166967237703
11/2020,GA,13,82570,10545138,783.0148832570992
11/2020,GU,66,2261,168783,1339.5898876071642
11/2020,HI,15,2713,1426393,190.2000360349497
11/2020,IA,19,101482,3160553,3210.893789789319
11/2020,ID,16,37090,1753860,2114.764006249073
11/2020,IL,17,309745,12768320,2425.8868825342724
11/2020,IN,18,159628,6699629,2382.639396897948
11/2020,KS,20,72265,2918515,2476.0880105121955
11/2020,KY,21,77921,4472265,1742.3162536209281
11/2020,LA,22,45765,4682509,977.3606414851525
11/2020,MA,25,67556,6895917,979.652162286756
11/2020,MD,24,54990,6079602,904.49999851964
11/2020,ME,23,5308,1341582,395.6522970642123
11/2020,MI,26,173167,9991177,1733.199201655621
11/2020,MN,27,170291,5628162,3025.6947117016175
11/2020,MO,29,135242,6135888,2204.1145470712636
11/2020,MP,69,13,57557,22.586305749083518
11/2020,MS,28,36049,2982785,1208.5685022554424
11/2020,MT,30,29397,1062330,2767.2192256643416
11/2020,NC,37,94592,10390149,910.400803684336
11/2020,ND,38,34612,755238,4582.926176913767
11/2020,NE,31,55761,1932549,2885.360215963476
11/2020,NH,33,9910,1350575,733.7615460081817
11/2020,NJ,34,117852,9032872,1304.7013175875845
11/2020,NM,35,50605,2090708,2420.4719166904224
11/2020,NV,32,51406,3056824,1681.6800705568915
11/2020,NY,36,91730,19862512,461.8247681864207
11/2020,NYC,36061,54418,8400000,647.8333333333334
11/2020,OH,39,205366,11694664,1756.0658433624087
11/2020,OK,40,85987,3940521,2182.1226177959716
11/2020,OR,41,30510,4199563,726.5041624569033
11/2020,PA,42,154983,12823989,1208.539714124833
11/2020,PR,72,21262,3400000,625.3529411764706
11/2020,PW,70,0,18092,0.0
11/2020,RI,44,23458,1061712,2209.4503970945043
11/2020,SC,45,42879,5088916,842.5959477421126
11/2020,SD,46,34472,877790,3927.135191788469
11/2020,TN,47,126562,6782564,1865.990501527151
11/2020,TX,48,310361,28704330,1081.2340855891775
11/2020,UT,49,81050,3159345,2565.4051710085478
11/2020,VA,51,57671,8525660,676.4402990501615
11/2020,VI,78,172,106290,161.82143193150813
11/2020,VT,50,2013,623960,322.61683441246237
11/2020,WA,53,59558,7530552,790.8849178652508
11/2020,WI,55,173860,5818049,2988.286966988418
11/2020,WV,54,23382,1803077,1296.7832211269956
11/2020,WY,56,20007,573720,3487.241162936624
12/2020,AK,02,13978,738068,1893.863438057198
12/2020,AL,01,123826,4888949,2532.7734038542844
12/2020,AR,05,67779,3020327,2244.094761924785
12/2020,AS,60,0,55197,0.0
12/2020,AZ,04,193483,7123898,2715.970947366175
12/2020,CA,06,1172839,39776830,2948.54818747497
12/2020,CO,08,100744,5684203,1772.3504948714885
12/2020,CT,09,68413,3588683,1906.3539465592253
12/2020,DE,10,22329,971180,2299.1618443542907
12/2020,FL,12,328583,21312211,1541.759322859557
12/2020,GA,13,194889,10545138,1848.1408209167105
12/2020,GU,66,419,168783,248.24775006961602
12/2020,HI,15,3318,1426393,232.6147141776495
12/2020,IA,19,51221,3160553,1620.6341105496413
12/2020,ID,16,39379,1753860,2245.276133784909
12/2020,IL,17,237085,12768320,1856.8221974386606
12/2020,IN,18,172712,6699629,2577.9337930503316
12/2020,KS,20,64987,2918515,2226.714613424978
12/2020,KY,21,88947,4472265,1988.8579947744597
12/2020,LA,22,82861,4682509,1769.585493589014
12/2020,MA,25,149046,6895917,2161.365921312568
12/2020,MD,24,79084,6079602,1300.8088358415566
12/2020,ME,23,12225,1341582,911.2376284118302
12/2020,MI,26,107516,9991177,1076.109451368943
12/2020,MN,27,96539,5628162,1715.284670199614
12/2020,MO,29,111450,6135888,1816.3630105373502
12/2020,MP,69,17,57557,29.53593828726306
12/2020,MS,28,63076,2982785,2114.668003225174
12/2020,MT,30,19357,1062330,1822.126834411153
12/2020,NC,37,199152,10390149,1916.7386338732967
12/2020,ND,38,13115,755238,1736.5386805219016
12/2020,NE,31,39891,1932549,2064.164996592583
12/2020,NH,33,23034,1350575,1705.4958073413177
12/2020,NJ,34,160001,9032872,1771.3192437576888
12/2020,NM,35,45769,2090708,2189.1627142575626
12/2020,NV,32,72562,3056824,2373.770946577232
12/2020,NY,36,212153,19862512,1068.1075988777252
12/2020,NYC,36061,119963,8400000,1428.1309523809525
12/2020,OH,39,279317,11694664,2388.414066449451
12/2020,OK,40,105592,3940521,2679.645661068676
12/2020,OR,41,38478,4199563,916.2381895449597
12/2020,PA,42,278875,12823989,2174.6353650178585
12/2020,PR,72,21801,3400000,641.2058823529412
12/2020,PW,70,0,18092,0.0
12/2020,RI,44,32655,1061712,3075.6928432569284
12/2020,SC,45,97235,5088916,1910.721261659654
12/2020,SD,46,18700,877790,2130.3500837330116
12/2020,TN,47,209260,6782564,3085.2639208417345
12/2020,TX,48,477740,28704330,1664.3482011250567
12/2020,UT,49,80906,3159345,2560.8472642272372
12/2020,VA,51,114703,8525660,1345.385577186986
12/2020,VI,78,486,106290,457.2396274343776
12/2020,VT,50,2932,623960,469.9019167895378
12/2020,WA,53,76819,7530552,1020.0978626799204
12/2020,WI,55,108708,5818049,1868.4614034704762
12/2020,WV,54,37492,1803077,2079.334382280956
12/2020,WY,56,11104,573720,1935.438890050896
